t_ekf,yaw_rtk,yaw_ekf,diff_deg
1780294752.918177,-2.6359707692870358,-2.6554070039583095,1.1136142162898273
1780294752.9390807,-2.6359707692870358,-2.655405358745231,1.1135199525240203
1780294752.960839,-2.6359707692870358,-2.655403146817581,1.113393218405091
1780294752.980752,-2.6359707692870358,-2.6554009663307228,1.1132682857108331
1780294752.9980865,-2.6359707692870358,-2.6553988674508027,1.1131480287497075
1780294753.0182872,-2.6359707692870358,-2.6553980381547486,1.1131005135858436
1780294753.0379558,-2.6359707692870358,-2.6553980397175256,1.113100603126371
1780294753.0579827,-2.6359707692870358,-2.6553986175517577,1.113133710589124
1780294753.0779867,-2.6359707692870358,-2.6553992741183334,1.113171329082885
1780294753.0980084,-2.6359707692870358,-2.6553999815385416,1.1132118612751567
1780294753.939341,-2.6359707692870358,-2.655408701094597,1.1137114550363596
1780294753.95805,-2.6359707692870358,-2.6554083811275153,1.113693122272994
1780294753.9785566,-2.6359707692870358,-2.655408089272732,1.1136764002256716
1780294753.9989855,-2.6359707692870358,-2.655407782228614,1.1136588078936038
1780294754.0234354,-2.6359707692870358,-2.655407458045373,1.1136402335620976
1780294754.0388846,-2.6359707692870358,-2.6554071769173904,1.1136241261151876
1780294754.0626092,-2.6357962363618372,-2.6554073372133233,1.1236333103955685
1780294754.0787868,-2.6359707692870358,-2.6554075435035367,1.1136451299542
1780294754.1048405,-2.6359707692870358,-2.6554077427516916,1.1136565460325496
1780294754.918003,-2.6359707692870358,-2.655402693703359,1.1133672568725248
1780294754.937992,-2.6359707692870358,-2.655402384378119,1.1133495338417962
1780294754.9580142,-2.6359707692870358,-2.655401393140039,1.1132927400833161
1780294754.977964,-2.6359707692870358,-2.655400447994535,1.1132385872349062
1780294754.9979997,-2.6359707692870358,-2.6553995474577485,1.1131869902777451
1780294755.019662,-2.6359707692870358,-2.655398652469447,1.1131357112253446
1780294755.040332,-2.6359707692870358,-2.6553983187109207,1.1131165882704197
1780294755.068005,-2.6359707692870358,-2.6553986330861687,1.1131346006453167
1780294755.0835557,-2.6359707692870358,-2.6553988627203675,1.1131477577157378
1780294755.1017292,-2.6359707692870358,-2.6553990826646197,1.1131603595931139
1780294755.1180546,-2.6359707692870358,-2.655399292664013,1.1131723916720577
1780294755.9179888,-2.6359707692870358,-2.65540240938013,1.1133509663514878
1780294755.9380465,-2.6359707692870358,-2.655402861611957,1.113376877326542
1780294755.9580002,-2.6359707692870358,-2.655403330268287,1.1134037293563037
1780294755.977987,-2.6359707692870358,-2.655403749280095,1.1134277369644636
1780294755.9979863,-2.6359707692870358,-2.655404154381511,1.1134509475658734
1780294756.0191982,-2.6359707692870358,-2.655404456833616,1.1134682767950026
1780294756.0417922,-2.6359707692870358,-2.655404702473599,1.1134823509293093
1780294756.0579953,-2.6357962363618372,-2.655404968721658,1.1234976058193256
1780294756.0780048,-2.6359707692870358,-2.6554052251547597,1.1135122983538412
1780294756.0980043,-2.6359707692870358,-2.6554055803208265,1.113532647870494
1780294756.9181206,-2.6359707692870358,-2.6554006694331562,1.1132512747333232
1780294756.9380505,-2.6359707692870358,-2.6554006413200293,1.1132496639698009
1780294756.9582195,-2.6359707692870358,-2.65540007486037,1.1132172082220655
1780294757.0173948,-2.6359707692870358,-2.655399489825652,1.113183688201855
1780294757.0254712,-2.6359707692870358,-2.6553988843661216,1.113148997926091
1780294757.0403159,-2.6359707692870358,-2.655398223617543,1.1131111398212226
1780294757.0588303,-2.6357962363618372,-2.6553978227401394,1.123088171237836
1780294757.078555,-2.6359707692870358,-2.6553981749706015,1.1131083525567835
1780294757.098925,-2.6359707692870358,-2.6553987475972045,1.1131411616443736
1780294757.9203978,-2.6359707692870358,-2.655402047986822,1.1133302600402109
1780294757.940074,-2.6359707692870358,-2.6554022071890833,1.1133393816578638
1780294757.9627464,-2.6359707692870358,-2.655402336718835,1.1133468031659641
1780294757.98011,-2.6359707692870358,-2.65540243833779,1.1133526255032058
1780294758.0005896,-2.6359707692870358,-2.655402611992014,1.1133625751573293
1780294758.0179856,-2.6359707692870358,-2.655402804147328,1.1133735848458257
1780294758.0437062,-2.6359707692870358,-2.655403007801353,1.1133852533619506
1780294758.0891354,-2.6359707692870358,-2.6554032002161705,1.113396277918904
1780294758.1062775,-2.6359707692870358,-2.655403425294402,1.1134091739516354
1780294758.1183834,-2.6359707692870358,-2.6554036180225737,1.113420216462464
1780294758.9047742,-2.6359707692870358,-2.6554071758443,1.1136240646316304
1780294758.9404266,-2.6359707692870358,-2.6554073374421985,1.1136333235091995
1780294758.979316,-2.6359707692870358,-2.655407426640997,1.1136384342238952
1780294759.017636,-2.6359707692870358,-2.6554075136331172,1.113643418505232
1780294759.0389993,-2.6359707692870358,-2.6554075563209114,1.1136458643356757
1780294759.0580041,-2.6359707692870358,-2.6554077165458136,1.1136550445463467
1780294759.0779896,-2.6359707692870358,-2.655407908060316,1.1136660175190543
1780294759.097999,-2.6357962363618372,-2.65540819829943,1.123682646995289
1780294759.9197772,-2.6359707692870358,-2.6553835511602846,1.1122704699452244
1780294759.9439561,-2.6359707692870358,-2.6553811934386875,1.1121353824484455
1780294759.9604194,-2.6359707692870358,-2.6553798800044075,1.1120601282075333
1780294759.979692,-2.6359707692870358,-2.6553793144930937,1.112027726795987
1780294759.9981143,-2.6359707692870358,-2.6553792392159603,1.1120234137339486
1780294760.0179892,-2.6359707692870358,-2.655379405033439,1.1120329143756567
1780294760.0380232,-2.6357962363618372,-2.6553800812080324,1.1220716563260098
1780294760.0584762,-2.6359707692870358,-2.6553808297722297,1.1121145458952608
1780294760.080648,-2.6359707692870358,-2.655381570256332,1.1121569725091296
1780294760.1101449,-2.6359707692870358,-2.6553821445396877,1.1121898765216465
1780294760.9179962,-2.6359707692870358,-2.655384172334696,1.1123060606173427
1780294760.9380035,-2.6359707692870358,-2.6553845471877375,1.112327538114558
1780294760.958472,-2.6359707692870358,-2.6553848600076417,1.1123454613748165
1780294760.9782748,-2.6359707692870358,-2.655385165263281,1.1123629512346285
1780294760.9983003,-2.6359707692870358,-2.655385470685192,1.1123804506210924
1780294761.0308647,-2.6359707692870358,-2.6553857207975424,1.1123947810031736
1780294761.052052,-2.6359707692870358,-2.655385970580767,1.1124090925277461
1780294761.0647407,-2.6359707692870358,-2.655386215964723,1.112423151992775
1780294761.0830076,-2.6359707692870358,-2.6553864615390643,1.1124372223660886
1780294761.0982523,-2.6359707692870358,-2.6553866509972694,1.1124480775216363
1780294761.1181188,-2.6359707692870358,-2.6553869299726625,1.1124640616342436
1780294761.919687,-2.6359707692870358,-2.6553988981461996,1.1131497874663998
1780294761.9380095,-2.6359707692870358,-2.655398814983605,1.1131450226007165
1780294761.9692283,-2.6359707692870358,-2.6553987355500133,1.1131404713911603
1780294761.980397,-2.6359707692870358,-2.6553986596771866,1.1131361241984115
1780294762.0107954,-2.6359707692870358,-2.655398716144913,1.113139359560818
1780294762.0392187,-2.6359707692870358,-2.655398727483946,1.1131400092395427
1780294762.063596,-2.6359707692870358,-2.6553989749557716,1.1131541883307037
1780294762.0906603,-2.6359707692870358,-2.6553992954096057,1.1131725489829285
1780294762.1094177,-2.6357962363618372,-2.6553995682597695,1.123188182145702
1780294762.918277,-2.6359707692870358,-2.655405674722738,1.1135380567016078
1780294762.937985,-2.6359707692870358,-2.6554036469833995,1.1134218757955499
1780294762.958006,-2.6359707692870358,-2.655400845993621,1.1132613909027917
1780294762.979654,-2.6359707692870358,-2.6553981436050886,1.1131065554452746
1780294762.9979663,-2.6359707692870358,-2.6553967553505577,1.113027014319765
1780294763.0216136,-2.6359707692870358,-2.6553958287132455,1.1129739219126356
1780294763.038319,-2.6359707692870358,-2.6553953799965284,1.112948212338548
1780294763.0581284,-2.6359707692870358,-2.6553958316517132,1.1129740902744325
1780294763.0801435,-2.6357962363618372,-2.6553963574453063,1.1230042160281613
1780294763.104889,-2.6357962363618372,-2.655396842088832,1.1230319840567553
1780294763.9186983,-2.6359707692870358,-2.655378691454896,1.1119920293367707
1780294763.9394357,-2.6359707692870358,-2.6553782514924227,1.111966821343917
1780294763.9648263,-2.6359707692870358,-2.6553778169711144,1.1119419251068445
1780294763.9932761,-2.6359707692870358,-2.6553777363757742,1.1119373073340038
1780294764.0250044,-2.6359707692870358,-2.655377747143968,1.1119379243060667
1780294764.045684,-2.6357962363618372,-2.6553778553723455,1.1219441253352622
1780294764.0619571,-2.6357962363618372,-2.655378393172104,1.1219749389916478
1780294764.0781415,-2.6359707692870358,-2.655379093659031,1.1120150739362278
1780294764.0980127,-2.6357962363618372,-2.6553798589552575,1.122058922180026
1780294764.1180022,-2.6359707692870358,-2.655380839542796,1.1121151057074639
1780294764.918021,-2.6359707692870358,-2.6553612478216073,1.1109925827699667
1780294764.9379866,-2.6359707692870358,-2.6553617388966355,1.1110207192965067
1780294764.9582424,-2.6359707692870358,-2.6553628134481126,1.111082286561016
1780294764.977966,-2.6359707692870358,-2.6553636271219068,1.1111289066353194
1780294764.9980056,-2.6359707692870358,-2.6553641828308274,1.1111607464111108
1780294765.018012,-2.6359707692870358,-2.6553646070618857,1.1111850530602887
1780294765.0380049,-2.6357962363618372,-2.655365423277466,1.1212318187681702
1780294765.0579965,-2.635796236361837,-2.655365309399819,1.121225294059624
1780294765.0779843,-2.6363198351374355,-2.6553640527733036,1.09115329466385
1780294765.1015494,-2.636319835137435,-2.6553622088572233,1.0910476460546996
1780294765.1180053,-2.6359707692870358,-2.6553602230802165,1.1109338694131785
1780294765.9180093,-2.6359707692870358,-2.655328937684358,1.1091413482700965
1780294765.9383585,-2.6359707692870358,-2.6553326946311966,1.1093566054677986
1780294765.958004,-2.6359707692870358,-2.655335846307901,1.1095371832413563
1780294765.9780018,-2.6359707692870358,-2.6553378960335734,1.109654623871539
1780294765.9979668,-2.6359707692870358,-2.6553384085870038,1.109683991019874
1780294766.0181582,-2.6359707692870358,-2.6553384202567494,1.1096846596470455
1780294766.0380082,-2.6359707692870358,-2.6553385615779344,1.1096927567545005
1780294766.0581238,-2.635796236361837,-2.6553390917136865,1.1197231312956437
1780294766.0856094,-2.63474903881064,-2.6553397390155915,1.1797602189628906
1780294766.101848,-2.6354471705114375,-2.655340373953631,1.1397965982328075
1780294766.1180053,-2.636319835137435,-2.655341884497079,1.0898831459971328
1780294766.9178889,-2.636319835137435,-2.6542757048062464,1.0287955495098577
1780294766.9502802,-2.636319835137435,-2.654347264257654,1.0328956040597834
1780294766.9636567,-2.636319835137435,-2.6543629359220153,1.0337935242856338
1780294766.9806552,-2.636319835137435,-2.65478049325613,1.0577177972351302
1780294766.999636,-2.636319835137435,-2.655070162395548,1.0743146163789727
1780294767.0238073,-2.6368434339130333,-2.655414227279924,1.0640280821323884
1780294767.038032,-2.6354471705114375,-2.655603994202936,1.1549009259121794
1780294767.0579748,-2.6366689009878335,-2.6559174416354536,1.1028601408946475
1780294767.0866654,-2.6378906314642294,-2.6563748817529915,1.0590695290095418
1780294767.114858,-2.6368434339130333,-2.656206320311554,1.109411669826489
1780294767.9197807,-2.6368434339130333,-2.6569393764062967,1.151412690201602
1780294767.9385567,-2.6368434339130333,-2.6569722319208786,1.153295172520874
1780294767.9586844,-2.6368434339130333,-2.6570035774577674,1.1550911394911723
1780294767.9780054,-2.6368434339130333,-2.6570328342322433,1.156767429190811
1780294767.998012,-2.6368434339130333,-2.6570664315342505,1.1586924127988463
1780294768.0208085,-2.6368434339130333,-2.6570934093058765,1.1602381252536822
1780294768.037998,-2.637192499763432,-2.6571253683070055,1.1420692411358329
1780294768.0580068,-2.6373670326886316,-2.657161968504315,1.1341662779710042
1780294768.0779948,-2.6371924997634317,-2.657192568082608,1.1459195046620976
1780294768.0995169,-2.6373670326886316,-2.6572174915780895,1.1373475157638855
1780294768.9074485,-2.6373670326886316,-2.6578961103729415,1.1762295086071584
1780294768.9279745,-2.6373670326886316,-2.6579092018419606,1.1769795945295771
1780294768.9495065,-2.6373670326886316,-2.657916561188985,1.1774012540540375
1780294768.9643638,-2.6373670326886316,-2.6579238514835866,1.1778189571661264
1780294768.9804633,-2.6373670326886316,-2.657931399817191,1.178251444824015
1780294768.998042,-2.6373670326886316,-2.6579415708465555,1.1788342018799052
1780294769.018007,-2.6373670326886316,-2.6579572329786094,1.179731575944773
1780294769.0390956,-2.6373670326886316,-2.657972608229254,1.1806125129156677
1780294769.0584488,-2.6373670326886316,-2.6579860237656883,1.1813811665332508
1780294769.0780041,-2.6373670326886316,-2.657996585375562,1.1819863022038821
1780294769.0979917,-2.6373670326886316,-2.6580047230733794,1.1824525579437708
1780294769.1179986,-2.6373670326886316,-2.6580059382685293,1.1825221834971413
1780294769.9186203,-2.6373670326886316,-2.6580476195509335,1.1849103450635965
1780294769.9653227,-2.6373670326886316,-2.6580494967585766,1.1850179011388162
1780294769.9884524,-2.6373670326886316,-2.658051409116736,1.1851274711902664
1780294769.9988823,-2.6373670326886316,-2.658052377731927,1.1851829687526925
1780294770.0179987,-2.6373670326886316,-2.6580540097640206,1.1852764773036781
1780294770.0380104,-2.6373670326886316,-2.658052645365067,1.1851983030020523
1780294770.057908,-2.6373670326886316,-2.65805009822822,1.1850523628108898
1780294770.0808198,-2.6368434339130333,-2.6580461659944215,1.2148270624101707
1780294770.097974,-2.635796236361837,-2.6580413562867187,1.2745514864581062
1780294770.118007,-2.6333527754090444,-2.658035841668036,1.4142355220819867
1780294770.9196599,-2.633003709558646,-2.655014482676658,1.261124403482103
1780294770.9393086,-2.633003709558646,-2.654664181414821,1.2410536196207171
1780294770.975271,-2.633003709558646,-2.6540597216894346,1.206420628470448
1780294770.9959888,-2.633003709558646,-2.653683656004591,1.1848736519092187
1780294771.0058115,-2.633003709558646,-2.653489623603341,1.173756414228796
1780294771.018004,-2.633003709558646,-2.6532002982910656,1.1571792949291153
1780294771.0380075,-2.6272441230270647,-2.652751767832237,1.4614803926551854
1780294771.058004,-2.6199137401686885,-2.65232439817652,1.856993915090623
1780294771.0779924,-2.6096162975819217,-2.6518449053138347,2.4195209977521275
1780294771.0980139,-2.5994933879203543,-2.6512215108346915,2.963803125125483
1780294771.9265668,-2.588323280707591,-2.604053601265598,0.9012809783616907
1780294771.9761555,-2.588323280707591,-2.600938063865343,0.7227738344119091
1780294771.999989,-2.588323280707591,-2.5994433959657504,0.6371356719915681
1780294772.0234582,-2.586403418530397,-2.597617567289534,0.6425233947304357
1780294772.0603397,-2.5713935869632465,-2.595137299587616,1.3604145233478562
1780294772.0813336,-2.5581290846480886,-2.5938928787936115,2.049114463913144
1780294772.0981367,-2.54852977376212,-2.592873382388873,2.5407016226928563
1780294772.1184819,-2.543119253080938,-2.591949803453565,2.7977844476525067
1780294772.9221559,-2.5427701872305386,-2.5393539856104588,-0.19573393479632847
1780294772.9683406,-2.5427701872305386,-2.537584842578706,-0.2970983638707299
1780294773.0033803,-2.5427701872305386,-2.535970427003283,-0.38959756272267565
1780294773.02832,-2.5398031275021484,-2.5351105084423815,-0.2688672669872933
1780294773.0465212,-2.5422465884549403,-2.5347007366400094,-0.4323454618266757
1780294773.0583847,-2.540850325053345,-2.534652989633522,-0.3550811637827834
1780294773.0780127,-2.5370106006989572,-2.534845811045075,-0.1240333107010442
1780294773.0981522,-2.535614337297362,-2.5352448466895705,-0.02117025239616769
1780294773.1181161,-2.5326472775689717,-2.5358415343987444,0.18301743502681403
1780294773.9204156,-2.5326472775689717,-2.5395610437059,0.39612962018647097
1780294773.94254,-2.5326472775689717,-2.539482707275369,0.3916412733349115
1780294773.9753525,-2.5326472775689717,-2.5391150122465245,0.3705739000341815
1780294773.9992537,-2.5326472775689717,-2.5388164444194654,0.35346722364530553
1780294774.0179956,-2.5326472775689717,-2.5386791242871003,0.3455993596186066
1780294774.0380125,-2.5321236787933734,-2.538636122811314,0.3731355565432102
1780294774.0740635,-2.5326472775689717,-2.538246085662976,0.3207880740901224
1780294774.095226,-2.5321236787933734,-2.5380191767549865,0.3377871513284069
1780294774.109971,-2.531076481242177,-2.5380209223706096,0.3978871677362624
1780294774.918084,-2.531600080017775,-2.5543935149580865,1.3059676226858679
1780294774.9390996,-2.531600080017775,-2.554426230513833,1.307842085954578
1780294774.9601076,-2.531600080017775,-2.554313303048639,1.3013718188078462
1780294774.9780886,-2.531600080017775,-2.5551065300108893,1.3468203759407626
1780294774.9982245,-2.531600080017775,-2.555447691977409,1.3663675167527365
1780294775.018003,-2.531600080017775,-2.5557118605849114,1.381503263042462
1780294775.0457566,-2.5398031275021484,-2.5558667477296333,0.9203776427358621
1780294775.0589745,-2.541722989679342,-2.556151787258718,0.8267092047468224
1780294775.0792038,-2.5417229896793416,-2.557047149281113,0.8780096697663815
1780294775.0986066,-2.5413739238289437,-2.5576104540038163,0.9302846529570078
1780294775.1179974,-2.543642851856536,-2.5585347518599897,0.8532430191287432
1780294775.9008355,-2.543817384781735,-2.5773370633339345,1.920536111676211
1780294775.9477046,-2.543817384781735,-2.577913537604412,1.9535656543724658
1780294775.9651983,-2.543817384781735,-2.5775937763082064,1.93524468164824
1780294775.9902492,-2.543817384781735,-2.577610475539905,1.9362014771456912
1780294776.003711,-2.543817384781735,-2.578011631338535,1.95918601133437
1780294776.0181448,-2.543817384781735,-2.578336251978397,1.977785403941308
1780294776.0446906,-2.55149683349051,-2.5785630120846124,1.5507778009893887
1780294776.05882,-2.5567328212464937,-2.578945912651464,1.2727163874431096
1780294776.0780091,-2.5631905394788728,-2.5795877788511805,0.9394926116989771
1780294776.098009,-2.5689501260104537,-2.580213316443725,0.6453332756785761
1780294776.1183197,-2.5766295747192287,-2.5805946639416053,0.2271828778349884
1780294776.9115074,-2.5768041076444277,-2.6067981356243575,1.7185312138472788
1780294776.9240108,-2.5768041076444277,-2.6074586798647186,1.7563776110016451
1780294776.9383996,-2.5768041076444277,-2.6081291600784104,1.7947932974932188
1780294776.975758,-2.5768041076444277,-2.609038631678811,1.8469021817831794
1780294776.9873052,-2.5768041076444277,-2.609418542612826,1.8686694748931127
1780294776.9981558,-2.5768041076444277,-2.6100037083658867,1.9021970028590836
1780294777.01797,-2.5768041076444277,-2.610931483467363,1.9553546005109936
1780294777.0534668,-2.5874506160815938,-2.612309962252791,1.4243356170643036
1780294777.0832617,-2.598446190369158,-2.6125642136340876,0.8089031481479865
1780294777.098417,-2.601762315947947,-2.6132346144402683,0.6573142849243168
1780294777.9188812,-2.6052529744519357,-2.639396431810425,1.9562760046263206
1780294777.9383402,-2.6052529744519357,-2.6397504611534894,1.976560391807712
1780294777.9694471,-2.6052529744519357,-2.64032238960915,2.0093294785005034
1780294777.989626,-2.6052529744519357,-2.640751954111781,2.0339417115298892
1780294778.0037608,-2.6052529744519357,-2.64136585773135,2.069115797958993
1780294778.018368,-2.6052529744519357,-2.6418366924456254,2.0960926399352244
1780294778.038148,-2.61013989635752,-2.642312834394208,1.8433735640381337
1780294778.0582173,-2.616946680440298,-2.642881738105983,1.4859693456721723
1780294778.0812721,-2.625149727924671,-2.6434463313628114,1.0483181564299857
1780294778.098011,-2.629163985204258,-2.6436155178192484,0.8280118263346165
1780294778.1185138,-2.6324801107830473,-2.643838576225027,0.6507921315706285
1780294778.9192243,-2.6324801107830473,-2.6654548138332093,1.8893113154714407
1780294778.946332,-2.6324801107830473,-2.6656490471789094,1.9004400664207632
1780294778.9689384,-2.6324801107830473,-2.6661172077920354,1.9272636936871426
1780294778.9813159,-2.6324801107830473,-2.666391316464511,1.9429689637479266
1780294779.0159452,-2.6324801107830473,-2.6669843288220063,1.9769460690315113
1780294779.027076,-2.6338763741846427,-2.6671472208411413,1.906279094244316
1780294779.0479884,-2.6378906314642294,-2.6673863937297204,1.6899826913338658
1780294779.0738125,-2.6415558228934177,-2.6675809467512934,1.4911297583615044
1780294779.103722,-2.6401595594918223,-2.6678155921013165,1.5845739466001898
1780294779.9180322,-2.6406831582674206,-2.665644548837013,1.4301823304153019
1780294779.9380004,-2.6406831582674206,-2.666590488499127,1.4843806807284703
1780294779.9584663,-2.6406831582674206,-2.666995637935079,1.5075940334806157
1780294779.9780147,-2.6406831582674206,-2.6669085803314987,1.5026060002209416
1780294779.9980016,-2.6406831582674206,-2.6662984038446558,1.4676454627667228
1780294780.0179849,-2.6406831582674206,-2.666098381437919,1.4561850230526499
1780294780.0380628,-2.6392868948658252,-2.666386043136321,1.5526668242986446
1780294780.0674286,-2.636319835137435,-2.666874998449164,1.750681900095055
1780294780.091899,-2.6330037095586456,-2.666656050720172,1.9281371192898527
1780294780.10615,-2.631083847381452,-2.6663854410928183,2.022632329746858
1780294780.915567,-2.62846585350346,-2.649383721008514,1.1985055244534357
1780294780.9286633,-2.62846585350346,-2.6488747831225465,1.169345531553187
1780294780.9492617,-2.62846585350346,-2.648222265842927,1.1319590453716217
1780294780.968794,-2.62846585350346,-2.647641198921271,1.0986663631460905
1780294780.9809978,-2.62846585350346,-2.6472412051935548,1.0757484107162372
1780294781.004093,-2.62846585350346,-2.646567205158285,1.0371310533036187
1780294781.018042,-2.62846585350346,-2.6463347319420563,1.0238113191638718
1780294781.0383906,-2.6232298657474775,-2.645871744583567,1.2972840975545015
1780294781.0579836,-2.615899482889101,-2.645415474860392,1.6911417680970138
1780294781.0818293,-2.605427507377135,-2.645045517631403,2.269944780275576
1780294781.110318,-2.5874506160815938,-2.644596889607937,3.2742402879596577
1780294781.9239788,-2.5787239698216218,-2.5985223214937645,1.1343619921295542
1780294781.9441853,-2.5787239698216218,-2.596176288810843,0.9999442207984024
1780294781.958499,-2.5787239698216218,-2.5945821530593354,0.9086069702660962
1780294781.980102,-2.5787239698216218,-2.5923290595446256,0.779514221024927
1780294782.007257,-2.5787239698216218,-2.5896415649198303,0.6255321215600657
1780294782.0202405,-2.5776767722704252,-2.588003665676054,0.5916874076240027
1780294782.0425355,-2.5549874919944986,-2.5855546934592546,1.7513716354566269
1780294782.068522,-2.5181610447774188,-2.58290946099229,3.709810979268548
1780294782.0833802,-2.4933773693990995,-2.5813966059907743,5.043130772666425
1780294782.1001792,-2.462834107489199,-2.5796690038611563,6.694146461961495
1780294782.118536,-2.4260076602721177,-2.5778241184148447,8.69844231220278
1780294782.9197226,-2.423564199319326,-2.435284315797497,0.6715132096009065
1780294782.9385934,-2.423564199319326,-2.430201651119432,0.3802979748675719
1780294782.9580133,-2.423564199319326,-2.424238883863358,0.03865657687572734
1780294782.9779925,-2.423564199319326,-2.4173922832922368,-0.35362473986137566
1780294782.9981942,-2.423564199319326,-2.410405482201183,-0.7539389546761615
1780294783.0179958,-2.423564199319326,-2.4033474075541417,-1.1583368434399117
1780294783.0382862,-2.3745204473382855,-2.3966396243643686,1.2673354898972948
1780294783.0588198,-2.3172736478728715,-2.390513709700532,4.196346434002154
1780294783.0780017,-2.2547908606514744,-2.384908490566843,7.455191034395802
1780294783.0980022,-2.192657139280476,-2.380155605531901,10.74287078138274
1780294783.1180065,-2.123367567976301,-2.3754923135528596,14.445683832346473
1780294783.9193115,-2.120051442397512,-2.0967082341125014,-1.3374673150259289
1780294783.9390368,-2.120051442397512,-2.087615820989031,-1.8584242125901462
1780294783.9664056,-2.120051442397512,-2.076369059345106,-2.5028161879766717
1780294783.980386,-2.120051442397512,-2.0693521247768474,-2.9048569238573347
1780294784.0005338,-2.120051442397512,-2.0606854274363644,-3.401422103784264
1780294784.0205722,-2.116735316818723,-2.0527357628454594,-3.6669043333877243
1780294784.0380735,-2.057917721026514,-2.0462995215544058,-0.6656737952929135
1780294784.0580106,-1.9856610899939489,-2.039365393495135,3.0770299323076045
1780294784.078009,-1.9057250102526084,-2.033390984401908,7.314721506181124
1780294784.099547,-1.815491487924502,-2.0268657836552313,12.110855042920917
1780294784.1179962,-1.7393951325375487,-2.0216056708182992,16.16947277760216
1780294784.9120312,-1.7311920850531755,-1.6688710520035293,-3.570732168640045
1780294784.930061,-1.7311920850531755,-1.6596984020359489,-4.0962862987332125
1780294784.939793,-1.7311920850531755,-1.6544517129393839,-4.396899440383694
1780294784.9598305,-1.7311920850531755,-1.6443913682738343,-4.9733147301666385
1780294784.9973526,-1.7311920850531755,-1.6270007463275817,-5.969723970794494
1780294785.03353,-1.6716763575601687,-1.6112458315003686,-3.4624140969818846
1780294785.0550334,-1.5823154998580593,-1.6015856532456751,1.1040984596801136
1780294785.0639734,-1.5446163880149817,-1.5979476921332965,3.0556586419081024
1780294785.0786898,-1.479166541065194,-1.5934172125123522,6.546081280457991
1780294785.0980215,-1.3966124674458624,-1.5872492994858478,10.92268589563551
1780294785.1180172,-1.3112658670233397,-1.57992527672746,15.39305030252213
1780294785.918319,-1.3074261426689526,-1.1936310417014908,-6.519979014700633
1780294785.9381027,-1.3074261426689526,-1.182649354439157,-7.1491833467649375
1780294785.9580116,-1.3074261426689526,-1.1716115471855757,-7.781603117474031
1780294785.9782357,-1.3074261426689526,-1.1607716543824291,-8.402683225468564
1780294786.012384,-1.3074261426689526,-1.1447757291496905,-9.319182230711307
1780294786.0266557,-1.2814207368142367,-1.1384604327537287,-8.19102206057408
1780294786.038538,-1.2411036310931682,-1.1334880969785157,-6.16591591481572
1780294786.0579789,-1.1842058974781524,-1.127280502953431,-3.2615848533836638
1780294786.0779717,-1.14511052223348,-1.121712716390445,-1.3405955246724472
1780294786.9091985,-1.1189305834535652,-0.9577237836680847,-9.236469256518495
1780294786.926993,-1.1189305834535652,-0.9566407021449476,-9.298525256662858
1780294786.9379883,-1.1189305834535652,-0.9560652442922639,-9.331496562909292
1780294786.9587483,-1.1189305834535652,-0.9553059857794342,-9.374998871253815
1780294786.9780097,-1.1189305834535652,-0.9548080278787534,-9.403529757338017
1780294786.9979913,-1.1189305834535652,-0.9541264077476797,-9.442583714079698
1780294787.0180113,-1.1189305834535652,-0.9532343065677816,-9.493697346586496
1780294787.0381732,-1.1208504456307586,-0.955680488630369,-9.463541438479611
1780294787.059781,-1.1232939065835508,-0.9580978874763122,-9.465034687207275
1780294787.0779989,-1.126260966311941,-0.9615631303294909,-9.436490896732252
1780294787.0979695,-1.1255628346111433,-0.9654369165287542,-9.174539296778446
1780294787.1186256,-1.129053493115132,-0.9706024598004369,-9.078575468418826
1780294787.9126363,-1.1290534931151317,-1.0467943818448935,-4.713099902281674
1780294787.9274764,-1.1290534931151317,-1.047888887120747,-4.6503893693204645
1780294787.9379945,-1.1290534931151317,-1.0491812685626276,-4.576341367179674
1780294787.958663,-1.1290534931151317,-1.0510916899245475,-4.466882286050031
1780294787.9782305,-1.1290534931151317,-1.0526880498753592,-4.375417598284805
1780294788.0027196,-1.1290534931151317,-1.054739168397313,-4.2578971636957395
1780294788.0179667,-1.1290534931151317,-1.0568625875655508,-4.136234207218536
1780294788.03803,-1.1304497565167275,-1.060777718566381,-3.991913724630163
1780294788.058649,-1.1320205528435223,-1.0655308268553292,-3.809580680104774
1780294788.0780008,-1.1344640137963142,-1.0701543758590466,-3.68467083581984
1780294788.0991776,-1.1362093430483087,-1.0749857602720567,-3.5078528997490763
1780294788.91798,-1.1377801393751035,-1.1433788031253713,0.3207798038032334
1780294788.9379673,-1.1377801393751035,-1.1450803743949127,0.41827265608867314
1780294788.957997,-1.1377801393751035,-1.146891570314336,0.5220465381429483
1780294788.9852264,-1.1377801393751035,-1.1483820521278751,0.6074448554997413
1780294789.0136101,-1.1377801393751035,-1.1493938329782798,0.6654156280200851
1780294789.0235076,-1.1377801393751032,-1.1500358231457637,0.7021989551058221
1780294789.0379853,-1.1397000015522971,-1.1507481895411384,0.6330145430277372
1780294789.0580113,-1.1426670612806875,-1.1514612896596244,0.5038721701872566
1780294789.0779932,-1.1479030490366706,-1.1521782845431052,0.24495295094317796
1780294789.0980895,-1.1522663721666566,-1.1530613993097203,0.04555169989589212
1780294789.9042888,-1.154709833119448,-1.1806282020956924,1.4850131542016085
1780294789.9180126,-1.154709833119448,-1.1813388994147715,1.5257331110961052
1780294789.9380064,-1.154709833119448,-1.1817551066373664,1.5495800283536512
1780294789.9579794,-1.154709833119448,-1.1821215931721667,1.5705781600460835
1780294789.9780104,-1.154709833119448,-1.1828002568833353,1.6094627264047325
1780294789.998008,-1.154709833119448,-1.1834949904856331,1.649268029702315
1780294790.0180073,-1.154709833119448,-1.184064187932385,1.6818806411108203
1780294790.0380087,-1.1566296952966424,-1.1846074484537545,1.6030071761613407
1780294790.0587127,-1.1562806294462433,-1.1851686008758107,1.6551588416087117
1780294790.077996,-1.1557570306706453,-1.1855124987956538,1.7048627409990367
1780294790.0990925,-1.1536626355682518,-1.1850834311702978,1.800278976940456
1780294790.1180654,-1.1479030490366706,-1.1847827103666484,2.113048944079555
1780294790.9048202,-1.1479030490366706,-1.1752245549073461,1.5654069763316076
1780294790.9277594,-1.1479030490366706,-1.173459693306798,1.4642878551954972
1780294790.9563115,-1.1479030490366706,-1.1718219607216918,1.3704526900978595
1780294790.9686513,-1.1479030490366706,-1.1720293069107,1.382332751626151
1780294790.9799256,-1.1479030490366706,-1.171609887106437,1.3583017669976862
1780294790.9980047,-1.1479030490366706,-1.170950749812785,1.3205359819517406
1780294791.018008,-1.1479030490366706,-1.1699361860963073,1.2624057629504686
1780294791.0391445,-1.1435397259066848,-1.1688805193005753,1.4519205109829234
1780294791.0631406,-1.1353366784223116,-1.167716313384153,1.8552164254877614
1780294791.0782192,-1.132369618693921,-1.1675743069736901,2.017080057504449
1780294791.1008759,-1.1276572297135365,-1.167067766352931,2.2580574177829953
1780294791.9180043,-1.1225957748827529,-1.1283154988928887,0.32771604576042807
1780294791.9382105,-1.1225957748827529,-1.1276211181358031,0.28793095900432375
1780294791.961071,-1.1225957748827529,-1.1269438627972894,0.24912708645478457
1780294791.980494,-1.1225957748827529,-1.1259841789980916,0.19414125509366661
1780294792.0018404,-1.1225957748827529,-1.1248609678389014,0.12978599617007597
1780294792.0179949,-1.1225957748827529,-1.1241500257043282,0.08905201238100788
1780294792.037964,-1.1170107212763707,-1.1237220894483475,0.38453307101270207
1780294792.0579312,-1.1082840750163996,-1.123344241510755,0.862883978890902
1780294792.0813696,-1.103397153110815,-1.1226155502507722,1.1011330451258339
1780294792.098352,-1.0974630336540345,-1.122307767453961,1.4234983898618108
1780294792.9180014,-1.0906562495712564,-1.0906103652292003,-0.0026289791455492537
1780294792.937997,-1.0906562495712564,-1.0896686206927304,-0.056586966464778024
1780294792.9581606,-1.0906562495712564,-1.0889401782644863,-0.09832364322142642
1780294792.9784398,-1.0906562495712564,-1.0880228495994888,-0.15088270415215313
1780294792.9980059,-1.0906562495712564,-1.087093499493595,-0.2041305429099034
1780294793.0180678,-1.0906562495712564,-1.086181450287972,-0.2563871131003569
1780294793.0477164,-1.0843730642640765,-1.0848899912798418,0.029617736319639838
1780294793.0622816,-1.080009741134091,-1.0842474118643173,0.24280064780808835
1780294793.0779922,-1.0739010887521114,-1.0838116898746308,0.5678356167579779
1780294793.0980055,-1.0674433705197317,-1.0831984739189402,0.9027009305668636
1780294793.9179928,-1.060287520586555,-1.0516272157810125,-0.4961989146544489
1780294793.9480813,-1.060287520586555,-1.050933530070011,-0.5359441782033717
1780294793.9693527,-1.060287520586555,-1.049491597247878,-0.6185608432529747
1780294794.0077863,-1.060287520586555,-1.0475253645158489,-0.7312176803387204
1780294794.0273106,-1.058367658409361,-1.0469158591586951,-0.656139764894239
1780294794.042215,-1.0538298023541761,-1.0464790778053052,-0.4211654930135068
1780294794.0689368,-1.0437068926926092,-1.0457223230162536,0.11547565144750818
1780294794.0846138,-1.038470904936626,-1.0459364477358426,0.427744094169389
1780294794.106797,-1.0334094501058426,-1.0461319025859095,0.7289428321635788
1780294794.9180129,-1.0316641208538484,-1.0264123344213565,-0.30090519748585376
1780294794.9379928,-1.0316641208538484,-1.0260305176894395,-0.32278168477217306
1780294794.9591002,-1.0316641208538484,-1.0257295828384667,-0.3400239816413142
1780294794.9779959,-1.0316641208538484,-1.025472323825729,-0.354763837312884
1780294794.9979715,-1.0316641208538484,-1.02499428115159,-0.3821536649682016
1780294795.0210314,-1.0316641208538482,-1.024463086279586,-0.4125888892330058
1780294795.0467246,-1.0339330488814409,-1.0241055370593966,-0.563074950518062
1780294795.065202,-1.0341075818066405,-1.0242457857574516,-0.5650392920373141
1780294795.0785487,-1.0349802464326374,-1.0244202051615114,-0.6050457963194834
1780294795.0980008,-1.0370746415350307,-1.0247495738538932,-0.7061743603422712
1780294795.1182735,-1.0389945037122243,-1.0259983883004786,-0.744622563157954
1780294795.9005737,-1.0396926354130218,-1.0421082753660087,0.1384059741293289
1780294795.9247127,-1.0396926354130218,-1.0423192071322596,0.1504914741007435
1780294795.941045,-1.0396926354130218,-1.04273952830371,0.1745741032648467
1780294795.9587116,-1.0396926354130218,-1.0432188559785975,0.202037556039723
1780294795.978232,-1.0396926354130218,-1.0435222553148351,0.21942105751320665
1780294795.9983258,-1.0396926354130218,-1.0437831104945936,0.23436695837749455
1780294796.0179932,-1.0396926354130218,-1.0442713137283057,0.26233894321383827
1780294796.0380063,-1.0451031560942046,-1.0456764703951718,0.03284848977991287
1780294796.0580075,-1.0499900779997886,-1.0472824813911483,-0.15513385829902313
1780294796.078455,-1.0545279340549738,-1.0483462365378056,-0.35418517796023985
1780294796.0995934,-1.0595893888857575,-1.0494127441563756,-0.5830787925976335
1780294796.1179922,-1.0651744424921394,-1.0491572835097092,-0.9177156094833113
1780294796.9217627,-1.0660471071181368,-1.074463778813253,0.48223976567737714
1780294796.93858,-1.0660471071181368,-1.0756395833768142,0.5496084047016588
1780294796.9589531,-1.0660471071181368,-1.0754528743478877,0.5389107653471855
1780294796.98245,-1.0660471071181368,-1.0758266665458271,0.5603274807040334
1780294796.997969,-1.0660471071181368,-1.0773532255162495,0.6477928668870679
1780294797.017925,-1.0660471071181368,-1.0789166161383406,0.7373685512632201
1780294797.0416534,-1.0704104302481228,-1.0806113948324436,0.5844722176440088
1780294797.058008,-1.0728538912009147,-1.0808761828219389,0.45964345190784983
1780294797.078,-1.0772172143309,-1.0817911196111922,0.2620654684533462
1780294797.1028051,-1.0829768008624818,-1.082840644692006,-0.007801173922927002
1780294797.9003859,-1.0850711959648747,-1.1056026016626848,1.176362893955369
1780294797.918,-1.0850711959648747,-1.1060826871871217,1.2038697683109283
1780294797.94046,-1.0850711959648747,-1.1064487207503257,1.2248419466426572
1780294797.9729908,-1.0850711959648747,-1.1068846857808154,1.2498209029050096
1780294797.9956276,-1.0850711959648747,-1.1076481798786,1.293565892391212
1780294798.0190458,-1.0850711959648747,-1.1082944875117835,1.330596592039717
1780294798.0427225,-1.0878637227680659,-1.1088107299510652,1.2001751050160827
1780294798.0606844,-1.0906562495712562,-1.109107321258146,1.0571685351521112
1780294798.0786166,-1.096415836102838,-1.1093647159157531,0.741916162702189
1780294798.0982027,-1.098510231205231,-1.108771320198488,0.5879170925217597
1780294798.1182752,-1.1013027580084218,-1.1082366720702426,0.39728401124874313
1780294798.9180684,-1.1009536921580232,-1.1205534008355653,1.1229805869091
1780294798.9385056,-1.1009536921580232,-1.1212073524695523,1.1604492555422368
1780294798.9581788,-1.1009536921580232,-1.1217228384856355,1.189984428661817
1780294798.9779675,-1.1009536921580232,-1.1219459024838485,1.2027650543207378
1780294798.9979932,-1.1009536921580232,-1.1221648493704521,1.2153097868606546
1780294799.0200627,-1.1009536921580234,-1.1223953432569056,1.228516113757993
1780294799.0380058,-1.106189679914006,-1.1221077087678044,0.9120358714901121
1780294799.057983,-1.1121237993707869,-1.1219080648321011,0.5605971165689296
1780294799.0781226,-1.1135200627723825,-1.1220308178417189,0.4876303459425464
1780294799.1009338,-1.1135200627723822,-1.1226148292391886,0.5210917342051145
1780294799.9179711,-1.1178833859023682,-1.1324272881784474,0.8333042180700475
1780294799.9379911,-1.1178833859023682,-1.1328958111474121,0.8601486067966644
1780294799.9597056,-1.1178833859023682,-1.133810461452787,0.9125542090250018
1780294799.9780111,-1.1178833859023682,-1.1344931506181117,0.9516694169174136
1780294800.003806,-1.1178833859023682,-1.1351353741780812,0.9884661164075303
1780294800.0253441,-1.1184069846779665,-1.1355995102800722,0.9850591561712718
1780294800.0501132,-1.121723110256756,-1.135510249972068,0.7899449172445758
1780294800.0603645,-1.124690169985146,-1.13537325391099,0.6120956211349146
1780294800.077983,-1.1281808284891346,-1.1353699841438016,0.41190827727503204
1780294800.0980043,-1.1306242894419265,-1.1351883689069604,0.261502490708769
1780294800.1179965,-1.1337658820955165,-1.134690282479592,0.05296424058779128
1780294800.9061368,-1.1334168162451175,-1.1489323693641713,0.8889757105328254
1780294800.9266706,-1.1334168162451175,-1.1490545469523645,0.8959759706873842
1780294800.938578,-1.1334168162451175,-1.1491610528961496,0.902078311759324
1780294800.9580035,-1.1334168162451175,-1.1490695023860809,0.8968328539201171
1780294800.980281,-1.1334168162451175,-1.1489488348088157,0.8899191110187556
1780294801.0023172,-1.1334168162451175,-1.149415421800567,0.9166525764218095
1780294801.018157,-1.1334168162451175,-1.1494686592660623,0.9197028585066663
1780294801.0567198,-1.1363838759735083,-1.1495566716305723,0.7547455955380258
1780294801.0874267,-1.140747199103494,-1.1492387523361498,0.48653016174184316
1780294801.1021073,-1.141619863729491,-1.1490767622211826,0.4272488118313993
1780294801.1182864,-1.1416198637294912,-1.1492837184316755,0.43910652923665294
1780294801.907357,-1.1421434625050895,-1.1588984228523656,0.9599885138079677
1780294801.9190638,-1.1421434625050895,-1.1588446120717446,0.9569053831860832
1780294801.9383466,-1.1421434625050895,-1.1593639411741548,0.986660748932502
1780294801.9579687,-1.1421434625050895,-1.1598697789804462,1.0156431203511571
1780294801.9850433,-1.1421434625050895,-1.1598933262682687,1.0169922805623661
1780294801.9982357,-1.1421434625050895,-1.1601098411645718,1.029397670322249
1780294802.0207984,-1.1421434625050892,-1.1604175327939588,1.0470271020776363
1780294802.0384493,-1.143190660056286,-1.1608990950951381,1.014618589507812
1780294802.057998,-1.144063324682283,-1.1610280178239125,0.9720053177499111
1780294802.0780084,-1.1445869234578816,-1.160672063223324,0.9216106214379037
1780294802.0979986,-1.14493598930828,-1.160387957719965,0.8853325751590135
1780294802.1179872,-1.1454595880838785,-1.1602216980476368,0.8458065976313691
1780294802.9179852,-1.1454595880838785,-1.1616939032258577,0.9301577409207374
1780294802.939718,-1.1454595880838785,-1.161742951291027,0.932967988048212
1780294802.9585366,-1.1454595880838785,-1.1626052693782627,0.9823751750446175
1780294802.994554,-1.1454595880838785,-1.1635089926210156,1.034154702702235
1780294803.0247524,-1.1445869234578818,-1.1637533602638193,1.0981559372844172
1780294803.0384388,-1.1435397259066848,-1.1638691790313735,1.1647918638537063
1780294803.0597122,-1.1437142588318843,-1.1632293070317121,1.118129898844511
1780294803.07816,-1.1426670612806875,-1.1627190250952035,1.1488928975208148
1780294803.1052775,-1.1417943966546904,-1.1620082103719311,1.1581662138615443
1780294803.118416,-1.1381292052255023,-1.1625666027857209,1.4001597424838188
1780294803.9180386,-1.138303738150702,-1.1563700641882726,1.0351242332601054
1780294803.9470882,-1.138303738150702,-1.1546538198590595,0.9367906765829317
1780294803.9629695,-1.138303738150702,-1.155457059197406,0.9828129006090717
1780294803.9899275,-1.138303738150702,-1.1561849144426202,1.0245159342563008
1780294804.0004375,-1.138303738150702,-1.1555707812077254,0.989328691838113
1780294804.0181615,-1.138303738150702,-1.1548717213472024,0.9492755122031418
1780294804.047953,-1.1349876125719125,-1.1537607667058667,1.0756225000241495
1780294804.0696163,-1.1318460199183231,-1.1536416788762927,1.24879926999816
1780294804.0904193,-1.1314969540679236,-1.1529486315954576,1.229090585803329
1780294804.098653,-1.1309733552923258,-1.1524304565361267,1.229401341854704
1780294804.1184275,-1.130973355292326,-1.1514061275907603,1.1707116164521092
1780294804.9320018,-1.130973355292326,-1.1367510693636922,0.33103863152262986
1780294804.9468334,-1.130973355292326,-1.1367805287897597,0.33272653230317345
1780294804.9917622,-1.130973355292326,-1.1370853965781715,0.3501941698886615
1780294805.0228493,-1.130973355292326,-1.1372024929674478,0.35690329879041216
1780294805.0425854,-1.130973355292326,-1.137248521822697,0.35954055793201517
1780294805.0585113,-1.1309733552923258,-1.137082946289636,0.35005377869699345
1780294805.087085,-1.1304497565167277,-1.1369216122414503,0.3708100186441817
1780294805.1028101,-1.1306242894419267,-1.136900457194883,0.3595979237605051
1780294805.9179935,-1.1304497565167277,-1.1339572807836336,0.2009663370334213
1780294805.938406,-1.1304497565167277,-1.1339818153610262,0.20237206477015426
1780294805.9621549,-1.1304497565167277,-1.1340051125552342,0.20370689567277023
1780294806.015958,-1.1304497565167277,-1.1339693730004086,0.20165917001958641
1780294806.0284305,-1.1301006906663285,-1.1339056369725236,0.2180073646188715
1780294806.039702,-1.1285298943395339,-1.133893481453762,0.3073109046960244
1780294806.0580137,-1.125737367536343,-1.1338288100520064,0.463605506320237
1780294806.078013,-1.1276572297135363,-1.1337579086177874,0.3495431533780799
1780294806.0980053,-1.1402236003278956,-1.1337716148324197,-0.369671538370391
1780294806.1180034,-1.1606439525762289,-1.1337161066838202,-1.5428519210137088
1780294806.9219146,-1.1615166172022264,-1.156542876111232,-0.28497437290477645
1780294806.956969,-1.1615166172022264,-1.159884136357942,-0.09353426251345331
1780294806.9775507,-1.1615166172022264,-1.1621400873397152,0.035722207530546966
1780294807.003549,-1.1615166172022264,-1.1649328084051649,0.19573333793809328
1780294807.0179756,-1.1615166172022264,-1.166564064934217,0.28919745235594185
1780294807.0381107,-1.1885692206081384,-1.1691818933224278,-1.1108120295100379
1780294807.0581853,-1.219287015443239,-1.172050289612114,-2.7064650281400477
1780294807.0780084,-1.2561134626603192,-1.1747966975063222,-4.659107446980507
1780294807.0980911,-1.2976522988577839,-1.1776203062891841,-6.877326580726428
1780294807.1181316,-1.3482668471656196,-1.180532444265615,-9.610473365317175
1780294807.9271889,-1.3510593739688104,-1.354640174306241,0.20516474661379958
1780294807.9398227,-1.3510593739688104,-1.3585321926049554,0.4281609689178175
1780294807.958523,-1.3510593739688104,-1.3639561497302302,0.7389308204559726
1780294807.978006,-1.3510593739688104,-1.3704053966275782,1.1084454487118567
1780294807.9979656,-1.3510593739688104,-1.3769927847414414,1.48587498565086
1780294808.018121,-1.3510593739688104,-1.3843219321192735,1.9058041978300122
1780294808.040787,-1.4130185624146092,-1.391970827431035,-1.2059463828686603
1780294808.0610704,-1.484926127596776,-1.3989121192743732,-4.928239655876819
1780294808.0910025,-1.5929620082952245,-1.4075610114051933,-10.622694639316888
1780294808.1026216,-1.6318828506146978,-1.4113527266111026,-12.635445360902699
1780294808.918006,-1.6927948415093002,-1.758683962240709,3.775168533737669
1780294808.9382627,-1.6927948415093002,-1.7703594612065967,4.444125348192386
1780294808.9580014,-1.6927948415093002,-1.781573408213643,5.086637183379497
1780294808.9779692,-1.6927948415093002,-1.7930192015020263,5.742432831983027
1780294808.9981894,-1.6927948415093002,-1.8045329130453573,6.402119909946952
1780294809.021818,-1.7001252243676763,-1.8156568165117646,6.619472630283035
1780294809.0381033,-1.7650514725418653,-1.8226369340313664,3.2994039046615455
1780294809.0580118,-1.8411478279288187,-1.8294365468092704,-0.6710069808413652
1780294809.0852077,-1.9430750562452872,-1.838540629704781,-5.989381454591341
1780294809.1095395,-2.036101105376585,-1.8458240461794138,-10.902072430158846
1780294809.9021244,-2.075371013546457,-2.1926642315941205,6.720406359638821
1780294809.9180477,-2.075371013546457,-2.201130732228324,7.205501113223503
1780294809.9379032,-2.075371013546457,-2.2107364885830263,7.755870411378928
1780294809.9581616,-2.075371013546457,-2.2213888530669754,8.366205938144267
1780294809.9780178,-2.075371013546457,-2.232057426341444,8.977470160197386
1780294810.000121,-2.075371013546457,-2.2431638119244504,9.613819179748589
1780294810.0222914,-2.0870647195348195,-2.253924909518255,9.560384654801945
1780294810.038011,-2.1479767104294214,-2.261382020653406,6.497645650206115
1780294810.0579848,-2.2245966645919726,-2.268503383760522,2.5156697006240303
1780294810.077997,-2.3003439541285267,-2.274510768931165,-1.480132483188643
1780294810.0980115,-2.3736477827122884,-2.279216672363546,-5.410504077717085
1780294810.1181657,-2.452187599052033,-2.2833872311185264,-9.67154866284538
1780294810.9232159,-2.455852790481221,-2.6079241940906615,8.713049611451448
1780294810.9431674,-2.455852790481221,-2.61768245408793,9.27215672468629
1780294810.9609199,-2.455852790481221,-2.6257970571343088,9.737089231667781
1780294810.9793022,-2.455852790481221,-2.63397062136379,10.205399965596149
1780294810.9983256,-2.455852790481221,-2.6418544499512513,10.657110070062272
1780294811.0180116,-2.455852790481221,-2.6506843073246715,11.163023631261723
1780294811.0382545,-2.528283954438986,-2.6537069113352247,7.186206084205716
1780294811.0583117,-2.6028095134991434,-2.6536717998999833,2.914194347153768
1780294811.0779755,-2.679429467661695,-2.651851730628239,-1.5800879405386603
1780294811.097976,-2.761809008355827,-2.6510566167950262,-6.345644607414205
1780294811.918013,-2.8487264051051446,-2.972049022314171,7.065865484584633
1780294811.9418762,-2.8487264051051446,-2.983034960543645,7.695313379124912
1780294811.9629254,-2.8487264051051446,-2.9930032686118038,8.266455360316614
1780294811.978261,-2.8487264051051446,-3.0006604351469575,8.705178685809734
1780294811.999754,-2.8487264051051446,-3.010055057024969,9.24345086954107
1780294812.0190597,-2.8487264051051446,-3.018736057304123,9.740835547488468
1780294812.0392532,-2.931629544574876,-3.0259263772082083,5.402810531341442
1780294812.058002,-3.0119146901666145,-3.0304773387241664,1.0635614189323266
1780294812.0779738,-3.100751949093126,-3.035048252175917,-3.7645445317628132
1780294812.0982344,3.0977848893647355,-3.039482808694055,-8.360463159261226
1780294812.1185944,3.0159289474462017,-3.044188727679194,-12.780833862682284
1780294812.9181926,3.011740157241415,2.8862570909604015,7.189650098262449
1780294812.9382854,3.011740157241415,2.876713779917808,7.73644154358364
1780294812.960543,3.011740157241415,2.8655606007765786,8.37547163652944
1780294812.9857097,3.011740157241415,2.8532063004529755,9.083320903909003
1780294813.0051475,3.011740157241415,2.843155411567774,9.659194417386
1780294813.0266435,2.981545961181913,2.833649479740021,8.473844191455312
1780294813.053926,2.85937291354231,2.8217833300850916,2.15372448575338
1780294813.0674906,2.800555317750101,2.816936975116792,-0.9385998285407791
1780294813.0792794,2.7497662365170665,2.813305029309096,-3.6405046623395565
1780294813.0997834,2.667037629972535,2.8070980084583423,-8.02486856424167
1780294813.1187406,2.5841344905028043,2.801131814301062,-12.433030819273903
1780294813.9180028,2.5795966344476198,2.442156118024287,7.874761525155444
1780294813.9412699,2.5795966344476198,2.429688978116345,8.589076024479645
1780294813.9590125,2.5795966344476198,2.419354317530415,9.181208458753622
1780294814.020053,2.5748842454672336,2.3904121287704414,10.569473724570997
1780294814.0461586,2.457947185583614,2.3774950706409723,4.609566639114761
1780294814.0716267,2.3457225146803786,2.3655748644831087,-1.137455857113807
1780294814.0866961,2.279574536029794,2.3597325925565173,-4.592718332952325
1780294814.0982118,2.2235494670407756,2.3565412498949296,-7.619867867463332
1780294814.1180105,0.9993755296919531,2.351324289317618,-77.46095804449722
1780294814.9255853,0.9948376736367678,1.9667596961891234,-55.687029908068794
1780294814.9421024,0.9948376736367678,1.9561945508148089,-55.08169166817841
1780294814.9579682,0.9948376736367678,1.9457189306828897,-54.48148284683716
1780294814.9780004,0.9948376736367678,1.933391689798536,-53.77518397112257
1780294814.9980102,0.9948376736367678,1.9211205300257486,-53.07209830641114
1780294815.0188026,0.9948376736367678,1.9088841760931887,-52.37100686944716
1780294815.041675,0.8901179185171081,1.8966398370329516,-57.66945791836839
1780294815.071436,0.7494443808063651,1.8817156644407835,-64.87436581611233
1780294815.094825,0.6370451769779304,1.8697238748336245,-70.62728688281327
1780294815.1117892,0.5557128338349941,1.8615946633921336,-74.82151737644641
1780294815.918025,0.5171410573659199,1.4782022382422366,-55.06474951807198
1780294815.9380276,0.5171410573659199,1.4680541428299703,-54.48330648085304
1780294815.959007,0.5171410573659199,1.4578623104864676,-53.89935750206541
1780294815.9780083,0.5171410573659199,1.4488008187217536,-53.380172267854746
1780294815.9980295,0.5171410573659199,1.4391336140244109,-52.82628223900796
1780294816.018027,0.5171410573659199,1.4294101282704426,-52.26916754315
1780294816.0380013,1.5533430342749535,1.41987348073503,7.647242111332994
1780294816.058014,1.4627604460964474,1.4103819613967583,3.001066110582742
1780294816.0792623,1.3777629115243237,1.400361551250439,-1.2948066790430859
1780294816.0980232,1.319468914507713,1.3913425272434394,-4.118054668114849
1780294816.1180136,1.2693779649754762,1.3813814711226005,-6.417328192897794
1780294816.9206593,1.2676326357234817,1.067937213503143,11.441704881308404
1780294816.9379792,1.2676326357234817,1.0628028137674248,11.735884316498145
1780294816.9588041,1.2676326357234817,1.0557678330666282,12.138959019609775
1780294816.9840403,1.2676326357234817,1.0478289567149264,12.593823128638508
1780294816.9979281,1.2676326357234817,1.0434234978995216,12.846237325579905
1780294817.0202618,1.2658873064714873,1.0367018093715903,13.131361709431866
1780294817.0380533,1.2505284090539373,1.0335236453600716,12.43345709389226
1780294817.0580158,1.2533209358571278,1.0335668895719077,12.590979383065658
1780294817.0795534,1.2590805223887094,1.0360360171839722,12.779508791815164
1780294817.1039126,1.2620475821170998,1.039042101700357,12.77727283616669
1780294817.9183044,1.263792911369094,1.1310496899662879,7.605626345351451
1780294817.938132,1.263792911369094,1.1326057853464107,7.516468647550609
1780294817.965012,1.263792911369094,1.134203836974619,7.4249070338102605
1780294817.9913611,1.263792911369094,1.1358883561169835,7.32839119644378
1780294818.000082,1.263792911369094,1.1372857894036905,7.248324166964371
1780294818.0184336,1.263792911369094,1.1388143239988238,7.1607455858234985
1780294818.0400949,1.2653637076958888,1.1414097533054528,7.102038440529083
1780294818.0635142,1.2671090369478832,1.1443361617895706,7.03436758525786
1780294818.0797095,1.2697270308258748,1.146736570267944,7.046834310339653
1780294818.101167,1.2746139527314588,1.1494197656114606,7.173098541546987
1780294818.1180158,1.2781046112354475,1.1524686361466647,7.198411127598001
1780294818.9234009,1.2784536770858461,1.2145011691273842,3.6642087952966795
1780294818.940125,1.2784536770858461,1.2157297432331893,3.593816684214987
1780294818.9618397,1.2784536770858461,1.2170750273907804,3.5167375797392006
1780294818.9782405,1.2784536770858461,1.2182382338550295,3.450090758635395
1780294818.9992464,1.2784536770858461,1.2194258833141158,3.3820434570887525
1780294819.0179968,1.2784536770858461,1.2207522827288992,3.306046368673041
1780294819.038613,1.2842132636174275,1.222162175708629,3.5552654513694097
1780294819.0619574,1.2927653769522,1.2235185497637864,3.967550942567865
1780294819.0783339,1.3006193585861743,1.2244662517582365,4.363251618049725
1780294819.0980115,1.3107422682477414,1.2257982009456472,4.866936551085217
1780294819.1183376,1.3224359742361036,1.2273402159011189,5.448585602190646
1780294819.9186175,1.3231341059369015,1.2902907088402986,1.8817880385075672
1780294819.9411256,1.3231341059369015,1.292251348847782,1.7694516409342693
1780294819.9580889,1.3231341059369015,1.2941972339209493,1.6579606388242785
1780294819.97798,1.3231341059369015,1.296151268087352,1.546002728065045
1780294819.998009,1.3231341059369015,1.2984466856804435,1.4144849877608188
1780294820.0193918,1.3231341059369015,1.301072859788106,1.264016295125221
1780294820.0383513,1.3334315485236676,1.3037659091088845,1.6997159350240212
1780294820.0580225,1.3458233862128277,1.306547773162366,2.2503268655803907
1780294820.0790195,1.360833217779979,1.3087961439703049,2.9815047075050747
1780294820.0980213,1.3747958517959333,1.3112340472032582,3.6418231413955375
1780294820.118031,1.3943435394182697,1.3139299440185943,4.607359631874013
1780294820.9095652,1.3952162040442668,1.4042425066180046,-0.5171690420832497
1780294820.9255211,1.3952162040442668,1.4071108344130576,-0.6815121189998503
1780294820.9470193,1.3952162040442668,1.4106462135170095,-0.8840744206350343
1780294820.965025,1.3952162040442668,1.4123159331529545,-0.9797423087448017
1780294820.981991,1.3952162040442668,1.4141308365212661,-1.0837286119731389
1780294820.9980135,1.3952162040442668,1.416278273463649,-1.2067676855421539
1780294821.0181575,1.3952162040442668,1.4196676717148577,-1.400965900425438
1780294821.0380013,1.415112957517002,1.4225553844969248,-0.4264196552838662
1780294821.068347,1.4440854231001083,1.4255868632927844,1.05988940403
1780294821.1143746,1.5074408749475023,1.4300365751839823,4.434939692615174
1780294821.9180005,1.514945790731078,1.541353919550897,-1.5130743262134256
1780294821.9475133,1.514945790731078,1.5465284947819113,-1.8095556477234829
1780294821.9722779,1.514945790731078,1.551068587938191,-2.0696838241745312
1780294821.9927402,1.514945790731078,1.5548218169582049,-2.2847280065673528
1780294822.0172129,1.514945790731078,1.5591224278053366,-2.531134857436183
1780294822.0317154,1.531526418625024,1.5615877536292542,-1.72238762227128
1780294822.0416691,1.5458381184913779,1.5628202705451433,-0.9730056397301811
1780294822.0580196,1.568178332916905,1.5644169210283696,0.2155130262234111
1780294822.081182,0.4691445029360758,1.566986423919563,-62.90170864488862
1780294822.1014233,0.4932300466135974,1.5690056042133365,-61.63739915379784
1780294822.9182842,0.5150466622635264,1.6707977825870386,-66.21966136205384
1780294822.9380054,0.5150466622635264,1.6729902940467214,-66.34528301522772
1780294822.9581559,0.5150466622635264,1.6754251181244106,-66.48478815873615
1780294822.9780219,0.5150466622635264,1.6780337419391456,-66.63425129365778
1780294822.9980865,0.5150466622635264,1.6807228259922138,-66.78832446065452
1780294823.0181787,0.5150466622635264,1.6832814273489027,-66.93492151984925
1780294823.0381246,0.5400048705670456,1.685698079544013,-65.64338549118007
1780294823.0600002,0.5738642580557355,1.6883881272807428,-63.857513873183414
1780294823.0781233,0.6002187297608498,1.6906565583437916,-62.4774853992125
1780294823.0998728,0.6316346562967479,1.693458083400033,-60.838000961135265
1780294823.9206119,0.6688101693642269,1.8167864466011123,-65.77419566681365
1780294823.9393556,0.6688101693642269,1.8204623936632134,-65.98481191918555
1780294823.959986,0.6688101693642269,1.8245610141941766,-66.21964557743543
1780294823.978611,0.6688101693642269,1.8280799464870534,-66.42126554620955
1780294824.0004387,0.6688101693642269,1.8320965128108246,-66.65139784469602
1780294824.0193305,0.6688101693642269,1.8356964089687537,-66.85765670123071
1780294824.0452125,0.7194247176720632,1.841361203928594,-64.28222554423651
1780294824.0622811,0.7522369076095565,1.8450970082038807,-62.61627136229736
1780294824.0789742,0.7843509658462515,1.84847450337212,-60.96978758076334
1780294824.0980084,0.8194320838113374,1.8520580239387252,-59.16510818502816
1780294824.118154,0.8613199858592021,1.8556320723523767,-56.96988607490577
1780294824.9002423,0.8634143809615955,2.006400677636032,-65.488290840733
1780294824.919583,0.8634143809615955,2.0103524496091123,-65.7147106963886
1780294824.9385362,0.8634143809615955,2.014399925271225,-65.94661396950957
1780294824.9587045,0.8634143809615955,2.01864658877668,-66.18992986538437
1780294824.9793026,0.8634143809615955,2.022625456913701,-66.41790221687478
1780294825.0007393,0.8634143809615955,2.0266744610837346,-66.64989306704857
1780294825.018307,0.8634143809615955,2.0301727778371306,-66.85033185241805
1780294825.0423136,0.9082693427378494,2.034953380051196,-64.55424018281492
1780294825.059109,0.935496479068961,2.038189280738029,-63.179643635093925
1780294825.0788398,0.9541715020653002,2.0419158220549947,-62.323158724737205
1780294825.1095643,0.9627236154000725,2.048144661349883,-62.190044927599544
1780294825.9195476,0.9611528190732772,2.1334925588374754,-67.1701192439538
1780294825.9386005,0.9611528190732772,2.133128191189991,-67.14924251556185
1780294825.9579153,0.9611528190732772,2.1329518614459455,-67.13913956542541
1780294825.9782286,0.9611528190732772,2.132863176137215,-67.13405827153034
1780294826.0006142,0.9611528190732772,2.1324139223746057,-67.10831792700246
1780294826.0209358,0.9609782861480779,2.132006095275399,-67.09495115544685
1780294826.0402577,0.9531243045141038,2.131647588912481,-67.52441025392304
1780294826.0582592,0.9442231253289327,2.1313545200716506,-68.01761864623667
1780294826.0798075,0.9339256827421657,2.1310037118248135,-68.58751881427453
1780294826.0982687,0.9257226352577925,2.130088381846251,-69.00507426964109
1780294826.9180229,0.916821456072621,2.0932764014087333,-67.4059031550532
1780294826.9380078,0.916821456072621,2.0923599979108145,-67.35339710229142
1780294826.9580128,0.916821456072621,2.0915072063537488,-67.30453574526717
1780294826.9780154,0.916821456072621,2.090699930151251,-67.2582822259627
1780294826.9980214,0.916821456072621,2.0898767371079536,-67.21111673885723
1780294827.0180159,0.916821456072621,2.088889083456872,-67.15452835302958
1780294827.0380177,0.908618408588248,2.088165384392204,-67.5830634509865
1780294827.0580173,0.8998917623282763,2.0883434714613514,-68.09326708843452
1780294827.0780272,0.8918632477691031,2.088422741958347,-68.55780895335224
1780294827.0980306,0.8836602002847289,2.085849152230256,-68.88035312373444
1780294827.1179783,0.8738863564735607,2.0835184145020134,-69.30681168875424
1780294827.9180079,0.8726646259971648,2.052170976082182,-67.58073576875164
1780294827.938011,0.8726646259971648,2.0510859529761234,-67.5185685241003
1780294827.9582806,0.8726646259971648,2.049703054968033,-67.43933430473967
1780294827.9783478,0.8726646259971648,2.048675847958848,-67.38047967842712
1780294827.9981785,0.8726646259971648,2.0482049563216673,-67.35349957500867
1780294828.0186021,0.8726646259971648,2.0472389256395784,-67.29815009404483
1780294828.0383723,0.8607963870836033,2.045952012495193,-67.90441540227164
1780294828.0582936,0.8546877347016237,2.044720832685586,-68.1838739953594
1780294828.0780501,0.8484045493944439,2.0439953074340123,-68.50230446051407
1780294828.0982928,0.8396779031344724,2.043084018901612,-68.95009147368886
1780294828.1180744,0.8384561726580761,2.041746822550432,-68.94347576638596
1780294828.918803,0.8384561726580761,2.012292251840322,-67.255853177327
1780294828.9383326,0.8384561726580761,2.0125492395120506,-67.27057748630394
1780294828.9584754,0.8384561726580761,2.012452724718537,-67.26504759597503
1780294828.9868798,0.8384561726580761,2.011830097512979,-67.22937368488653
1780294828.9985225,0.8384561726580761,2.0117380193680794,-67.2240979957984
1780294829.0180292,0.8384561726580761,2.0120617218778043,-67.24264478342343
1780294829.039116,0.8395033702092729,2.0124473655544737,-67.20474053849249
1780294829.0586667,0.8410741665360674,2.012459800945174,-67.11545303389622
1780294829.0804324,0.8422958970124634,2.012310829707883,-67.03691761073063
1780294829.1000862,0.8470082859928475,2.0123752155271295,-66.77060664643398
1780294829.9206643,0.8487536152448427,2.0207029369697826,-67.14774993805854
1780294829.9380293,0.8487536152448427,2.0207852406028026,-67.15246558886918
1780294829.95928,0.8487536152448427,2.0208121091302313,-67.15400504209258
1780294829.977976,0.8487536152448427,2.020924993917163,-67.16047286395501
1780294830.004926,0.8487536152448427,2.021238883965979,-67.1784574389833
1780294830.0186558,0.8487536152448427,2.021419091155637,-67.18878255038862
1780294830.0551913,0.8557349322528194,2.0219227814670715,-66.81764187941549
1780294830.0670207,0.8585274590560106,2.022035876775849,-66.66412176329115
1780294830.0823133,0.8590510578316094,2.0222760694914346,-66.64788379216397
1780294830.0986965,0.8607963870836034,2.0226870210870365,-66.57142958417613
1780294830.1179984,0.8662069077647858,2.0232039761256364,-66.29104892608594
1780294830.918305,0.8672541053159822,2.035794694812966,-66.95244396790642
1780294830.9398668,0.8672541053159822,2.0365921824745,-66.9981366451261
1780294830.9607358,0.8672541053159822,2.0373640495939083,-67.0423613734131
1780294830.9795122,0.8672541053159822,2.038050297622567,-67.08168048915442
1780294830.9981055,0.8672541053159822,2.0388536903226773,-67.12771150016235
1780294831.0184798,0.8672541053159822,2.039774144625931,-67.18044964697346
1780294831.0379972,0.8738863564735608,2.040612930759309,-66.84850855233009
1780294831.0579932,0.8782496796035465,2.041466432481994,-66.64741059884709
1780294831.0780168,0.8847073978359252,2.0422993627228143,-66.32513398627493
1780294831.0981522,0.8918632477691029,2.0430957363538376,-65.96076283424802
1780294831.1181648,0.8957029721234897,2.0438337183828716,-65.78304608986821
1780294831.918286,0.8957029721234899,2.0672485209573437,-67.1246154555175
1780294831.9380221,0.8957029721234899,2.0676738803522,-67.14898675361901
1780294831.9589818,0.8957029721234899,2.067949445711056,-67.16477548566147
1780294831.9781108,0.8957029721234899,2.0681661331036865,-67.17719075873289
1780294831.9980896,0.8957029721234899,2.06850447589764,-67.19657637285508
1780294832.0186415,0.8957029721234899,2.0690434277528493,-67.22745603951932
1780294832.0380666,0.8995426964778777,2.069158536012139,-67.01405125696371
1780294832.0581367,0.9075712110370515,2.0689471269442135,-66.54193840962078
1780294832.0884523,0.913156264643433,2.069599490886538,-66.25931611022251
1780294832.104323,0.9159487914466246,2.070182195051561,-66.13270259958301
1780294832.918021,0.9197885158010115,2.091061778632287,-67.10901461674928
1780294832.938121,0.9197885158010115,2.0914152336494034,-67.12926609747778
1780294832.9580634,0.9197885158010115,2.091910233727745,-67.1576275128254
1780294832.9781141,0.9197885158010115,2.09251941627433,-67.19253110169774
1780294832.99953,0.9197885158010115,2.0930568091633965,-67.2233214461816
1780294833.0180311,0.9197885158010115,2.0934325900697406,-67.24485210613672
1780294833.0380104,0.9236282401553992,2.0938102278904145,-67.04648915944584
1780294833.0580287,0.9279915632853855,2.094366342386911,-66.82835217302112
1780294833.0780082,0.9332275510413685,2.095182276439107,-66.57510175057294
1780294833.0981102,0.9386380717225499,2.095804943084344,-66.30077792138867
1780294833.1180115,0.9426523290021376,2.0961291737295493,-66.08935496894767
1780294833.9180238,0.9431759277777362,2.1155770580798645,-67.17363666267924
1780294833.938001,0.9431759277777362,2.1159204573775896,-67.19331199312666
1780294833.9580317,0.9431759277777362,2.1167434171915924,-67.2404641171779
1780294833.9780142,0.9431759277777362,2.117389947477391,-67.27750757388154
1780294833.9980137,0.9431759277777362,2.1176784588079727,-67.29403805546556
1780294834.0180204,0.9431759277777362,2.118049409382864,-67.3152919578148
1780294834.0380137,0.9480628496833199,2.118784930707258,-67.07743422544446
1780294834.0580132,0.9524261728133055,2.119660288624209,-66.87758853964914
1780294834.0780206,0.9557422983920947,2.1201490145962163,-66.71559047518357
1780294834.098049,0.9574876276440896,2.1204574361553856,-66.63326172883478
1780294834.1180432,0.9599310885968813,2.121178329930597,-66.53456589963167
1780294834.9103916,0.9601056215220806,2.1347260095815326,-67.30079076582557
1780294834.9180858,0.9601056215220806,2.134817213586758,-67.30601637039967
1780294834.9381428,0.9601056215220806,2.1353337795994545,-67.33561342276708
1780294834.9581819,0.9601056215220806,2.135669047519832,-67.35482285961085
1780294834.9781795,0.9601056215220806,2.1357935455490433,-67.36195607124235
1780294834.9982586,0.9601056215220806,2.135808735758007,-67.36282640610588
1780294835.0180075,0.9601056215220806,2.1360167002400727,-67.37474189321688
1780294835.0383093,0.9627236154000726,2.1364021349150613,-67.24682567337167
1780294835.0588706,0.965516142203263,2.136685951219825,-67.10308714979168
1780294835.0789578,0.9724974592112409,2.1369321498259968,-66.71719329084729
1780294835.0980084,0.9752899860144312,2.1373421351214916,-66.58068371794161
1780294835.118007,0.976337183565628,2.1379635226671088,-66.55628660174744
1780294835.9183724,0.9759881177152295,2.1527336839315736,-67.42255450492885
1780294835.9384685,0.9759881177152295,2.1527893776069997,-67.42574551747634
1780294835.9637766,0.9759881177152295,2.152709113872638,-67.42114674424947
1780294835.9788656,0.9759881177152295,2.152700841787859,-67.42067278870384
1780294836.0007296,0.9759881177152295,2.153043170578243,-67.44028678359867
1780294836.0181725,0.9759881177152295,2.153210018502501,-67.44984646547917
1780294836.0380137,0.9742427884632346,2.152993043737627,-67.53741472719108
1780294836.0580118,0.9702285311836475,2.1527113914877996,-67.75127724198563
1780294836.0781026,0.9480628496833198,2.1528057545752697,-69.02668384863946
1780294836.0980215,0.9192649170254137,2.1530000198586055,-70.6878144294805
1780294836.1180174,0.8742354223239595,2.1526586045623,-73.24825277394102
1780294836.9066336,0.8721410272215672,2.077446712147662,-69.05892876939019
1780294836.9256582,0.8721410272215672,2.072885032366734,-68.79756377045287
1780294836.9390385,0.8721410272215672,2.0701760596844396,-68.64235106894115
1780294836.958703,0.8721410272215672,2.0663849754744086,-68.4251379439277
1780294836.97908,0.8721410272215672,2.0618179188644876,-68.16346487538189
1780294836.998007,0.8721410272215672,2.0568752041446823,-67.88026818259986
1780294837.0182035,0.8721410272215672,2.0522364707405845,-67.6144883362587
1780294837.0384552,0.8251916703429183,2.04793613782581,-70.05809740974101
1780294837.0581877,0.7630579489719211,2.043519362269249,-73.36503481129348
1780294837.077931,0.691150383789755,2.0383516275140043,-77.18894542017487
1780294837.1009295,0.5989969992844539,2.032495508468409,-82.13341451453611
1780294837.1180224,0.525518637775493,2.0286737728257456,-86.12444519179675
1780294837.9190767,0.520980781720308,1.749662437283476,-70.39827322891622
1780294837.9383574,0.520980781720308,1.7414383531182223,-69.92706791588682
1780294837.9583476,0.520980781720308,1.7325592894750939,-69.4183350431075
1780294837.9792585,0.520980781720308,1.7232232994984364,-68.8834222198686
1780294838.0037947,0.520980781720308,1.7125572941742113,-68.27230513052643
1780294838.0195823,0.520980781720308,1.7054412285046538,-67.86458460092285
1780294838.0389915,1.5582299561805375,1.6962977493684988,-7.910701836355277
1780294838.0629008,1.4393730341197237,1.6850452548031005,-14.07598138876406
1780294838.0780127,1.369036265264352,1.6782226796047852,-17.715076624489978
1780294838.0982053,1.271995958853468,1.6689867660330464,-22.745897756881707
1780294838.1181645,1.1798425743481666,1.65911224276767,-27.460129249071944
1780294838.9185855,1.1747811195173834,1.177181105965081,-0.13750909434166544
1780294838.9451082,1.1747811195173834,1.163766833768283,0.6310720877745448
1780294838.9629815,1.1747811195173834,1.1548106212419018,1.1442252659583836
1780294838.986967,1.1747811195173834,1.1424299025997329,1.8535881914936034
1780294838.998423,1.1747811195173834,1.1362088124374536,2.21003040176256
1780294839.0226555,1.1587240903990355,1.124177036218746,1.9794003991403746
1780294839.0394049,1.0756464180041054,1.1148147701153919,-2.2441812664590404
1780294839.057989,0.9798278420696167,1.1041781305786684,-7.124746712802802
1780294839.0789497,0.8806931405563387,1.0920200336959713,-12.1081390745131
1780294839.1037626,0.7735299244838869,1.0789997040093564,-17.50212913560117
1780294839.901057,0.7080800775340997,0.6181839027787214,5.150671407853676
1780294839.9235675,0.7080800775340997,0.6056233735283746,5.870336722349167
1780294839.9441597,0.7080800775340997,0.5945594714217437,6.504251618005017
1780294839.9657962,0.7080800775340997,0.5838668148480183,7.116895711462299
1780294839.977996,0.7080800775340997,0.5777399553397159,7.467938902957624
1780294839.9983735,0.7080800775340997,0.5692976635930431,7.951646589460102
1780294840.018106,0.7080800775340997,0.560982262764074,8.428083961919617
1780294840.0422719,0.6347762489503376,0.5528776984999143,4.6924412890485
1780294840.0579982,0.599869663910451,0.5495170874979249,2.8849901160477254
1780294840.0780106,0.5708971983273452,0.544781194865952,1.4963367760868795
1780294840.098831,0.5482079180514191,0.539893618077192,0.4763742981289395
1780294840.900469,0.5356415474370597,0.3859761596422723,8.575195059830103
1780294840.9187422,0.5356415474370597,0.3837778853023317,8.701146901720605
1780294840.9386752,0.5356415474370597,0.3815231097285349,8.830336025848348
1780294840.9589906,0.5356415474370597,0.37927408572517507,8.959195609264485
1780294840.979102,0.5356415474370597,0.3769210487799262,9.0940146952656
1780294840.9987047,0.5356415474370597,0.37460122727872514,9.226930676508125
1780294841.018529,0.5356415474370597,0.37302739690556586,9.31710451455965
1780294841.0380163,0.5253441048502933,0.3763249673643154,8.538167644626286
1780294841.0579815,0.5122541354603356,0.3799006046949682,7.5832987165104475
1780294841.0787318,0.503527489200364,0.38460318895107865,6.8138604858306575
1780294841.0987954,0.49829150144438117,0.38967428962234507,6.223307819881139
1780294841.9194,0.4914847173616032,0.4218257074733776,3.991167271655395
1780294841.940882,0.4914847173616032,0.4221534963148251,3.9723863544689695
1780294841.9581146,0.4914847173616032,0.42381859110444653,3.8769834505344396
1780294841.9787946,0.4914847173616032,0.4237480340029294,3.8810260746660483
1780294841.9988396,0.4914847173616032,0.4234355896236124,3.8989278189334966
1780294842.0193508,0.4914847173616032,0.42422995166027505,3.8534142268273093
1780294842.0624702,0.48048914307403884,0.42487701909882675,3.1863399935379513
1780294842.0781846,0.47647488579445185,0.4249275568120836,2.953444395862089
1780294842.1008818,0.47088983218807007,0.42603611811857756,2.5699285116684814
1780294842.9047348,0.4740314248416598,0.45170128518133795,1.2794227584741342
1780294842.9233506,0.4740314248416598,0.4523258032867226,1.2436405068060865
1780294842.9421098,0.4740314248416598,0.45279439428381063,1.2167922203551162
1780294842.958045,0.4740314248416598,0.4540972751598314,1.1421426449508192
1780294842.9781213,0.4740314248416598,0.45555379156592446,1.0586904020901238
1780294843.0001702,0.4740314248416598,0.45667972725869965,0.9941790388909667
1780294843.0180995,0.4740314248416598,0.45725813898795953,0.9610384879835122
1780294843.0380287,0.4783947479716457,0.45810545778557643,1.162490696977971
1780294843.059637,0.48083820892443774,0.4592054619470037,1.23946510108136
1780294843.0787172,0.4860741966804209,0.4603412762435683,1.4743877355775967
1780294843.1011217,0.49165925028680263,0.4615691896595655,1.724033479233458
1780294843.90005,0.49602257341678857,0.4889663036279901,0.4042944780038214
1780294843.935568,0.49602257341678857,0.48981510761585656,0.35566159186519947
1780294843.9525642,0.49602257341678857,0.490735806621044,0.3029094246660662
1780294843.9598393,0.49602257341678857,0.49117031920404347,0.27801368751486805
1780294843.9781983,0.49602257341678857,0.49194728934053644,0.2334965778861173
1780294843.998172,0.49602257341678857,0.49278682181984856,0.18539491005737863
1780294844.0202446,0.4963716392671873,0.4936807663684978,0.1541756603010436
1780294844.0393088,0.49916416607037833,0.49436933031556207,0.2747238522093962
1780294844.058001,0.5045746867515606,0.49477727607663197,0.5613502818298293
1780294844.0911026,0.5117305366847374,0.4949741872109339,0.9600681048952016
1780294844.1014519,0.5129522671611337,0.49519228509337077,1.017572016710843
1780294844.920232,0.5141739976375296,0.5164315982147712,-0.12935098490224609
1780294844.9395146,0.5141739976375296,0.5164731655604174,-0.13173261837333475
1780294844.957978,0.5141739976375296,0.5165164213536808,-0.13421099276681592
1780294844.9782307,0.5141739976375296,0.5166617328028045,-0.14253672551653185
1780294844.9981587,0.5141739976375296,0.5171872532401086,-0.17264682862192837
1780294845.0237467,0.5148721293383272,0.5177267834842254,-0.16355963452949246
1780294845.053259,0.5197590512439115,0.5182600900719864,0.08588414880529555
1780294845.0653389,0.5220279792715039,0.5184076914896867,0.20742721052090543
1780294845.0793133,0.5229006438975011,0.5185196898323303,0.2510101781749682
1780294845.0997796,0.522900643897501,0.5185891321714784,0.2470314252222611
1780294845.1180131,0.5235987755982988,0.5189030723110775,0.2690439802034905
1780294845.9180868,0.5235987755982989,0.52665335180583,-0.1750143248926047
1780294845.9390829,0.5235987755982989,0.526822735943344,-0.1847193210886202
1780294845.9596558,0.5235987755982989,0.5268229136577692,-0.1847295033751477
1780294845.978075,0.5235987755982989,0.5266441721867074,-0.1744883714593478
1780294845.9981515,0.5235987755982989,0.5265615742446925,-0.1697558579854261
1780294846.0193143,0.5235987755982989,0.5264779305055651,-0.16496342475073325
1780294846.0379653,0.5188863866179141,0.5262850925478681,-0.4239146236447827
1780294846.0642428,0.5126032013107346,0.525571679726388,-0.7430390799234448
1780294846.089671,0.5054473513775577,0.5248224640064015,-1.1101121812233734
1780294846.1070344,0.501084028247572,0.5240728410402097,-1.317161949034493
1780294846.9003274,0.49898963314517886,0.49805643034412733,0.05346858193003899
1780294846.9181564,0.49898963314517886,0.49754938058915776,0.0825203928929378
1780294846.9384594,0.49898963314517886,0.496976730861104,0.11533080544973286
1780294846.959961,0.49898963314517886,0.49637787845980386,0.14964252059550573
1780294846.9788938,0.49898963314517886,0.4957227462182231,0.18717883306102823
1780294847.0001647,0.49898963314517886,0.49501909261703336,0.22749521464838168
1780294847.0196033,0.49898963314517886,0.49458750238633936,0.2522235133462255
1780294847.0381615,0.49584804049158904,0.49436209490745414,0.0851384105570313
1780294847.0594244,0.49514990879079124,0.4942012851823443,0.054352129110480485
1780294847.079715,0.4958480404915889,0.4937154520332181,0.12218831810295934
1780294847.0980108,0.49549897464119025,0.4932643572100576,0.12803414763026524
1780294847.9236157,0.4954989746411902,0.49143485547475313,0.2328568756750699
1780294847.939475,0.4954989746411902,0.491404580026379,0.23459153108977432
1780294847.9616835,0.4954989746411902,0.49135310382195985,0.23754090034834388
1780294847.9790561,0.4954989746411902,0.4912929120608033,0.24098963422407482
1780294848.0093825,0.4954989746411902,0.49123410865215583,0.2443588213605565
1780294848.0237978,0.49549897464119025,0.49116325239268965,0.24841858598005565
1780294848.0427458,0.4951499087907913,0.4911034501085378,0.23184500446719455
1780294848.0598893,0.4951499087907913,0.4910383181573822,0.23557679037986234
1780294848.078272,0.4951499087907913,0.4909627325608573,0.23990752605271634
1780294848.1017864,0.4951499087907913,0.4908533648215979,0.24617383592716738
1780294848.9041586,0.4951499087907913,0.48983813999059317,0.3043419340006216
1780294848.9181888,0.4951499087907913,0.48982143365830616,0.30529913633181033
1780294848.9394557,0.4951499087907913,0.4898004063631282,0.30650391160008233
1780294848.9581482,0.4951499087907913,0.48977923335414186,0.3077170356545929
1780294848.993654,0.4951499087907913,0.4897621991080591,0.30869302606232096
1780294849.0135067,0.4951499087907913,0.48974338590144745,0.3097709434002778
1780294849.02352,0.4951499087907913,0.4897287104550486,0.310611784541401
1780294849.0429416,0.4951499087907913,0.489710795682336,0.31163822540877045
1780294849.0663717,0.4951499087907913,0.4896971996732051,0.3124172193501937
1780294849.0801256,0.4951499087907913,0.4896737986208145,0.3137580008883379
1780294849.1011238,0.4951499087907913,0.48963904403849845,0.3157492917737878
1780294849.9182785,0.4951499087907913,0.4874915380734854,0.43879232004820534
1780294849.9381747,0.4951499087907913,0.4874471660362675,0.441334650509189
1780294849.9607184,0.4951499087907913,0.4874038093449748,0.44381880593391143
1780294849.978112,0.4951499087907913,0.4873666757460114,0.4459464044326457
1780294849.9980943,0.4951499087907913,0.48734059586476514,0.44744067155825845
1780294850.0181386,0.4951499087907913,0.48731574000340666,0.44886480751026137
1780294850.0391235,0.4951499087907913,0.48727889969460764,0.4509756017204042
1780294850.0580204,0.4951499087907913,0.4872363782628467,0.45341190029915857
1780294850.0799153,0.4951499087907913,0.4871886102414883,0.4561488063186867
1780294850.0990872,0.4951499087907913,0.48713998977916967,0.4589345536075189
1780294850.1179178,0.4951499087907913,0.48708755966737216,0.46193857773291513
1780294850.9096065,0.4951499087907913,0.48626529108201655,0.5090510972999844
1780294850.9311905,0.4951499087907913,0.48625065497925546,0.5098896842167147
1780294850.945357,0.4951499087907913,0.4862361781982584,0.5107191426687828
1780294850.964382,0.4951499087907913,0.4862255689782038,0.5113270062018359
1780294850.9780486,0.4951499087907913,0.486219772409792,0.511659125107492
1780294851.0003977,0.4951499087907913,0.48621207899873364,0.5120999250911935
1780294851.025576,0.4951499087907913,0.48620442576604705,0.5125384230237666
1780294851.0382054,0.4951499087907913,0.4861900515709274,0.513362003738022
1780294851.058147,0.4951499087907912,0.4861643813656886,0.5148327981574304
1780294851.0783763,0.4951499087907912,0.48614470834607343,0.5159599791516593
1780294851.0992548,0.4951499087907912,0.4861189780063022,0.5174342190259874
1780294851.1179824,0.49514990879079135,0.4860752724891226,0.5199383607018266
1780294851.9033437,0.49514990879079135,0.48517451889566493,0.5715477399881926
1780294851.9232543,0.49514990879079135,0.48515380866827496,0.5727343486103945
1780294851.9380186,0.49514990879079135,0.4851393181962748,0.573564591499155
1780294851.9580011,0.49514990879079135,0.4851279036427725,0.5742185972398655
1780294851.9780388,0.49514990879079135,0.48511385247449,0.5750236698796785
1780294851.9979558,0.49514990879079135,0.48509217744345046,0.5762655576790602
1780294852.0184994,0.49514990879079135,0.4850680319038345,0.5776489951931194
1780294852.0418725,0.4951499087907913,0.4850433542720358,0.5790629193435594
1780294852.0579767,0.4951499087907913,0.48501817788511875,0.5805054200572959
1780294852.078021,0.4951499087907912,0.4849999342512615,0.5815507032802932
1780294852.098187,0.4951499087907912,0.48497155470575304,0.5831767314624262
1780294852.9001486,0.4951499087907913,0.48461627568855575,0.6035327196973929
1780294852.9180028,0.4951499087907913,0.4846290214162341,0.6028024432946008
1780294852.9404027,0.4951499087907913,0.48462656664449566,0.6029430913548811
1780294852.9589558,0.4951499087907913,0.4846163760040519,0.6035269720428447
1780294852.9790704,0.4951499087907913,0.4846032280503915,0.6042802942968172
1780294852.998535,0.4951499087907913,0.4845873397984883,0.6051906240747135
1780294853.0196502,0.4951499087907913,0.48457497956463247,0.6058988133084463
1780294853.0398757,0.4951499087907912,0.4845590438487264,0.6068118625733777
1780294853.060188,0.4951499087907912,0.4845397334950353,0.607918264340781
1780294853.0788112,0.4951499087907912,0.48452006121717867,0.6090454028353759
1780294853.0988238,0.4951499087907912,0.4844987048264112,0.6102690338919827
1780294853.1179678,0.4951499087907912,0.484474654856971,0.6116469956383259
1780294853.9107563,0.4951499087907912,0.4839048280851618,0.6442956647165586
1780294853.9199314,0.4951499087907912,0.4838984030468148,0.6446637922970497
1780294853.9387524,0.4951499087907912,0.48389209160618635,0.6450254112077078
1780294853.958097,0.4951499087907912,0.4838871069723529,0.6453110096887839
1780294853.9793868,0.4951499087907912,0.4838809669954743,0.6456628044502352
1780294854.0001318,0.4951499087907912,0.483873768718118,0.6460752353625152
1780294854.0189161,0.4951499087907912,0.4838667490872381,0.6464774305856732
1780294854.0391185,0.4951499087907912,0.4838593554236295,0.6469010563055843
1780294854.058007,0.4951499087907912,0.4838516100395088,0.6473448341264103
1780294854.0787842,0.49514990879079135,0.4838446130875229,0.6477457299446653
1780294854.0982974,0.49514990879079135,0.48383677788766105,0.6481946538283914
1780294854.9011424,0.4951499087907912,0.4836616954535569,0.6582261383694261
1780294854.9201508,0.4951499087907912,0.4836596414434173,0.6583438244815046
1780294854.9420333,0.4951499087907912,0.48365755085044476,0.6584636066355094
1780294854.9585614,0.4951499087907912,0.4836547796889177,0.6586223824953602
1780294854.9792001,0.4951499087907912,0.4836512990624218,0.6588218077036342
1780294855.0017986,0.4951499087907912,0.48364720501367947,0.6590563794176918
1780294855.0269723,0.4951499087907912,0.4836423159897927,0.6593364998523435
1780294855.0442214,0.4951499087907913,0.48364998263085585,0.6588972336763889
1780294855.0603814,0.4951499087907912,0.48366306347413557,0.6581477565639824
1780294855.0792212,0.49514990879079135,0.48365807277721323,0.6584337024344706
1780294855.0987394,0.4951499087907912,0.4836510335481452,0.658837020551085
1780294855.1181397,0.49514990879079135,0.48364294158171267,0.6593006560756401
1780294855.9247973,0.49514990879079135,0.4835159487816867,0.6665768075456778
1780294855.944679,0.49514990879079135,0.48351445387616876,0.666662459322626
1780294855.960301,0.49514990879079135,0.4835129823143651,0.6667467736032668
1780294855.9781103,0.49514990879079135,0.4835111749755234,0.6668503264910494
1780294855.9984329,0.49514990879079135,0.4835094017362858,0.6669519256154284
1780294856.039788,0.49514990879079135,0.4835068012419841,0.6671009229635654
1780294856.0585039,0.4951499087907913,0.4835037550005461,0.6672754597413367
1780294856.0808399,0.4951499087907913,0.4835011097773354,0.6674270198671796
1780294856.1048486,0.4951499087907913,0.48349836128219076,0.6675844970389799
1780294856.9193711,0.4951499087907913,0.483414493479356,0.6723897681784469
1780294856.9381495,0.4951499087907913,0.4834126135483324,0.6724974802918734
1780294856.9580088,0.4951499087907913,0.48341078947590993,0.6726019919432086
1780294856.9798949,0.4951499087907913,0.48340872882923736,0.6727200583006148
1780294856.9998102,0.4951499087907913,0.4834067374489198,0.6728341559882149
1780294857.0189445,0.4951499087907913,0.483404542156239,0.6729599369936211
1780294857.0408742,0.4951499087907913,0.4834024219021739,0.6730814186030466
1780294857.059733,0.4951499087907912,0.4834001140456163,0.6732136490435144
1780294857.0840247,0.4951499087907912,0.48339788169287684,0.6733415534338688
1780294857.1145542,0.4951499087907912,0.4833954908730149,0.6734785373215328
1780294857.9061465,0.4951499087907912,0.48336050337871017,0.6754831730809331
1780294857.932743,0.4951499087907912,0.4833597566981418,0.6755259547261454
1780294857.943956,0.4951499087907912,0.48335931798893833,0.6755510909119375
1780294857.958025,0.4951499087907912,0.48335888606747673,0.6755758381887681
1780294857.9780777,0.4951499087907912,0.4833581808833806,0.6756162422612554
1780294857.999067,0.4951499087907912,0.48335708932850935,0.675678783748486
1780294858.0316954,0.4951499087907912,0.48335616958832267,0.6757314809794313
1780294858.0462513,0.4951499087907912,0.48335502603156055,0.6757970019555342
1780294858.0602796,0.4951499087907912,0.4833540456336445,0.6758531746183686
1780294858.0789952,0.4951499087907912,0.48335320475588534,0.675901353365054
1780294858.0980253,0.4951499087907912,0.48335225749752553,0.6759556272711794
1780294858.1182573,0.4951499087907912,0.48335133953432735,0.6760082226881833
1780294858.9266624,0.4951499087907912,0.48332553813771467,0.677486533819633
1780294858.9430053,0.4951499087907912,0.4833253961470491,0.6774946692854997
1780294858.9580266,0.4951499087907912,0.4833251857856667,0.6775067221048852
1780294858.9787169,0.4951499087907912,0.48332484202367115,0.6775264182163864
1780294859.0040135,0.4951499087907912,0.4833243746856257,0.6775531947139953
1780294859.0225465,0.49514990879079135,0.4833238334302112,0.6775842063648968
1780294859.0380075,0.49514990879079135,0.4833231630790223,0.6776226146588119
1780294859.0587053,0.49514990879079135,0.4833225778576976,0.677656145370797
1780294859.0787091,0.49514990879079135,0.48332204560194075,0.6776866413792865
1780294859.1003976,0.4951499087907912,0.48332150860887696,0.6777174088154602
1780294859.9032478,0.49514990879079135,0.48342997635329826,0.6715026648468253
1780294859.9181225,0.49514990879079135,0.48342978997838315,0.6715133433428684
1780294859.9380233,0.49514990879079135,0.48342948326473545,0.6715309167404008
1780294859.958144,0.49514990879079135,0.48342916536268365,0.6715491311862671
1780294859.978458,0.49514990879079135,0.483428836053657,0.6715679992036502
1780294859.9982004,0.49514990879079135,0.4834284951385755,0.6715875321989924
1780294860.0180101,0.49514990879079135,0.48342816286834245,0.671606569881004
1780294860.0381258,0.4951499087907912,0.4834274748446395,0.6716459907353787
1780294860.0581596,0.4951499087907912,0.4834253759031967,0.6717662512214974
1780294860.077992,0.4951499087907912,0.483422920873849,0.6719069140416983
1780294860.0979948,0.49514990879079135,0.483420180504832,0.6720639256206926
1780294860.9180825,0.49514990879079135,0.48337495752251186,0.6746550116446306
1780294860.9399102,0.49514990879079135,0.4833744613859313,0.6746834381767577
1780294860.9594557,0.49514990879079135,0.4833738087795057,0.6747208297706289
1780294860.9787261,0.49514990879079135,0.48337300698722313,0.6747667690844662
1780294861.0029204,0.49514990879079135,0.48337237644915376,0.6748028962546633
1780294861.022628,0.49514990879079135,0.48337175536641797,0.674838481674153
1780294861.0399172,0.49514990879079135,0.4833711435183052,0.6748735379887185
1780294861.0622087,0.4951499087907912,0.4833704159128879,0.6749152267082715
1780294861.0780063,0.4951499087907912,0.4833694541709817,0.6749703304604758
1780294861.0980136,0.4951499087907912,0.48336824789221156,0.6750394451429217
1780294861.9189665,0.4951499087907912,0.4833322363248971,0.6771027559636924
1780294861.9430022,0.4951499087907912,0.48333144446298115,0.6771481263094321
1780294861.9606626,0.4951499087907912,0.48333077737712143,0.6771863475137668
1780294861.978324,0.4951499087907912,0.4833302294478493,0.6772177415485311
1780294861.9988916,0.4951499087907912,0.4833297962235179,0.6772425634743031
1780294862.018276,0.4951499087907912,0.48332936736434745,0.6772671352947757
1780294862.0382376,0.4951499087907912,0.4833286164887414,0.6773101572979403
1780294862.0580676,0.4951499087907912,0.48332766290961565,0.6773647933572788
1780294862.0786383,0.4951499087907912,0.4833265223433229,0.677430142992108
1780294862.1038954,0.4951499087907912,0.48332551208360436,0.6774880266101929
